,image,Team,team_photo,year,draft_pick,yprr_p,yprr,tprr_p,tprr,name,open_p,open,catch_p,catch,yac_p,yac,draft_agep,htp,ht,wtp,wt,dashp,dash,vertp,vert,broadp,broad,conep,cone,shuttlep,shuttle,rasp,ras,draft_age,breakoutagep,breakout_age,hs,best_ppg ,adp,years_removed
133,https://a.espncdn.com/combiner/i?img=/i/headshots/college-football/players/full/4429033.png,Alabama,https://upload.wikimedia.org/wikipedia/commons/thumb/1/1b/Alabama_Crimson_Tide_logo.svg/2048px-Alabama_Crimson_Tide_logo.svg.png,2024,none,0.352,2.22,0.014,0.18,Jermaine Burton,0.225,43,0.937,86,0.056,54,0.19,,,,,,,,,,,,,,,,,22.8,0.094,22.1,4,,,
125,https://a.espncdn.com/combiner/i?img=/i/headshots/college-football/players/full/4575665.png,Arizona,https://upload.wikimedia.org/wikipedia/commons/thumb/3/34/Arizona_Wildcats_logo.svg/1200px-Arizona_Wildcats_logo.svg.png,2024,none,0.563,2.52,0.803,0.28,Jacob Cowing,0.648,57,0.183,61,0.5,66,0.088,,,,,,,,,,,,,,,,,23.1,0.928,18.6,5,,,
130,https://a.espncdn.com/combiner/i?img=/i/headshots/college-football/players/full/4597703.png,Colorado State,https://upload.wikimedia.org/wikipedia/en/thumb/1/14/Colorado_State_Rams_logo.svg/1200px-Colorado_State_Rams_logo.svg.png,2024,none,0.493,2.39,0.521,0.25,Tory Horton,0.268,44,0.62,75,0.62,69,,,,,,,,,,,,,,,,,,,#N/A,,4,,,
126,https://a.espncdn.com/combiner/i?img=/i/headshots/college-football/players/full/4686104.png,Florida State,https://upload.wikimedia.org/wikipedia/en/thumb/d/d5/Florida_State_Seminoles_logo.svg/1200px-Florida_State_Seminoles_logo.svg.png,2024,none,0.563,2.52,0.62,0.26,Johnny Wilson,0.824,64,0.134,59,0.176,58,0.139,,,,,,,,,,,,,,,,,22.9,0.072,22.2,4,,,
141,,Florida State,https://upload.wikimedia.org/wikipedia/en/thumb/d/d5/Florida_State_Seminoles_logo.svg/1200px-Florida_State_Seminoles_logo.svg.png,2024,none,0.099,1.87,0.31,0.23,Keon Coleman,0.155,40,0.296,65,0.345,63,0.861,,,,,,,,,,,,,,,,,21,0.493,20.3,3,,,
123,https://a.espncdn.com/combiner/i?img=/i/headshots/college-football/players/full/4612826.png&w=350&h=254,Georgia,https://upload.wikimedia.org/wikipedia/commons/thumb/8/80/Georgia_Athletics_logo.svg/1200px-Georgia_Athletics_logo.svg.png,2024,none,0.627,2.57,0.401,0.24,Ladd McConkey,0.268,44,0.937,86,0.775,72,0.299,,,,,,,,,,,,,,,,,22.4,0.138,21.7,4,,,
127,https://a.espncdn.com/combiner/i?img=/i/headshots/college-football/players/full/4428678.png,Louisville,https://upload.wikimedia.org/wikipedia/en/thumb/5/59/Louisville_Cardinals_logo.svg/1200px-Louisville_Cardinals_logo.svg.png,2024,none,0.563,2.52,0.521,0.25,Jamari Thrash,0.521,53,0.507,71,0.5,66,0.015,,,,,,,,,,,,,,,,,23.4,0.029,22.7,5,,,
119,https://a.espncdn.com/combiner/i?img=/i/headshots/college-football/players/full/4595348.png,LSU,https://upload.wikimedia.org/wikipedia/commons/thumb/4/4a/LSU_Athletics_logo.svg/2560px-LSU_Athletics_logo.svg.png,2024,none,0.789,2.87,0.62,0.26,Malik Nabers,0.711,59,0.683,76,0.62,69,0.927,,,,,,,,,,,,,,,,,20.8,0.507,20.1,3,,,
140,https://a.espncdn.com/combiner/i?img=/i/headshots/college-football/players/full/4432773.png,LSU,https://upload.wikimedia.org/wikipedia/commons/thumb/4/4a/LSU_Athletics_logo.svg/2560px-LSU_Athletics_logo.svg.png,2024,none,0.134,1.93,0.014,0.18,Brian Thomas Jr.,0.028,28,0.937,86,0.592,68,0.584,,,,,,,,,,,,,,,,,21.6,0.594,19.9,3,,,
131,https://a.espncdn.com/combiner/i?img=/i/headshots/college-football/players/full/4431492.png&w=350&h=254,Michigan,https://upload.wikimedia.org/wikipedia/commons/thumb/f/fb/Michigan_Wolverines_logo.svg/1200px-Michigan_Wolverines_logo.svg.png,2024,none,0.43,2.31,0.239,0.22,Roman Wilson,0.415,48,0.718,77,0.134,57,0.19,,,,,,,,,,,,,,,,,22.8,0.094,22.1,4,,,
128,https://a.espncdn.com/combiner/i?img=/i/headshots/college-football/players/full/4696882.png&w=350&h=254,North Carolina,https://upload.wikimedia.org/wikipedia/commons/thumb/d/d7/North_Carolina_Tar_Heels_logo.svg/1200px-North_Carolina_Tar_Heels_logo.svg.png,2024,none,0.563,2.52,0.401,0.24,Devontez Walker,0.592,56,0.683,76,0.042,53,0.19,,,,,,,,,,,,,,,,,22.8,0.094,22.1,4,,,
118,https://a.espncdn.com/combiner/i?img=/i/headshots/college-football/players/full/4432708.png&w=350&h=254,Ohio State,https://upload.wikimedia.org/wikipedia/commons/thumb/c/c1/Ohio_State_Buckeyes_logo.svg/1200px-Ohio_State_Buckeyes_logo.svg.png,2024,none,0.852,2.98,0.809,0.28,Marvin Harrison Jr.,0.937,71,0.43,69,0.289,61,0.584,,,,,,,,,,,,,,,,,21.6,0.551,20.1,3,,,
121,https://a.espncdn.com/combiner/i?img=/i/headshots/college-football/players/full/4567750.png,Ohio State,https://upload.wikimedia.org/wikipedia/commons/thumb/c/c1/Ohio_State_Buckeyes_logo.svg/1200px-Ohio_State_Buckeyes_logo.svg.png,2024,none,0.69,2.66,0.521,0.25,Emeka Egbuka,0.592,56,0.472,70,0.803,73,0.62,,,,,,,,,,,,,,,,,21.5,0.594,19.9,3,,,
124,https://a.espncdn.com/combiner/i?img=/i/headshots/college-football/players/full/4686612.png&w=350&h=254,Ole Miss,https://upload.wikimedia.org/wikipedia/commons/thumb/b/bf/Ole_Miss_Rebels_logo.svg/2560px-Ole_Miss_Rebels_logo.svg.png,2024,none,0.599,2.54,0.521,0.25,Tre Harris,0.521,53,0.507,71,0.521,67,,,,,,,,,,,,,,,,,,,#N/A,,4,,,
135,https://a.espncdn.com/combiner/i?img=/i/headshots/college-football/players/full/4427225.png&w=350&h=254,Ole Miss,https://upload.wikimedia.org/wikipedia/commons/thumb/b/bf/Ole_Miss_Rebels_logo.svg/2560px-Ole_Miss_Rebels_logo.svg.png,2024,none,0.296,2.18,0.521,0.25,Zakhari Franklin,0.19,42,0.507,71,0.5,66,0.015,,,,,,,,,,,,,,,,,23.6,0.029,22.9,5,,,
120,https://a.espncdn.com/combiner/i?img=/i/headshots/college-football/players/full/4608810.png,Oregon,https://upload.wikimedia.org/wikipedia/commons/f/f8/Oregon_Ducks_logo.svg,2024,none,0.761,2.83,0.901,0.3,Tez Johnson,0.521,53,0.43,69,0.908,79,,,,,,,,,,,,,,,,,,,#N/A,,4,,,
122,https://a.espncdn.com/combiner/i?img=/i/headshots/college-football/players/full/4431280.png&w=350&h=254,Oregon,https://upload.wikimedia.org/wikipedia/commons/f/f8/Oregon_Ducks_logo.svg,2024,none,0.669,2.63,0.401,0.24,Troy Franklin,0.514,52,0.782,79,0.437,65,0.818,,,,,,,,,,,,,,,,,21.1,0.449,20.4,3,,,
143,https://a.espncdn.com/combiner/i?img=/i/headshots/college-football/players/full/4430034.png,South Carolina,https://upload.wikimedia.org/wikipedia/commons/thumb/9/94/South_Carolina_Gamecocks_logo.svg/1200px-South_Carolina_Gamecocks_logo.svg.png,2024,none,0.056,1.75,0.014,0.18,Xavier Legette,0.049,32,0.507,71,0.387,64,0.088,,,,,,,,,,,,,,,,,23.2,0.058,22.5,5,,,
132,https://a.espncdn.com/combiner/i?img=/i/headshots/college-football/players/full/4683062.png&w=350&h=254,Texas,https://upload.wikimedia.org/wikipedia/commons/thumb/8/8d/Texas_Longhorns_logo.svg/1280px-Texas_Longhorns_logo.svg.png,2024,none,0.408,2.27,0.803,0.28,Xavier Worthy,0.521,53,0.099,58,0.521,67,0.876,,,,,,,,,,,,,,,,,21,0.949,18.4,3,,,
142,https://a.espncdn.com/combiner/i?img=/i/headshots/college-football/players/full/4597500.png,Texas,https://upload.wikimedia.org/wikipedia/commons/thumb/8/8d/Texas_Longhorns_logo.svg/1280px-Texas_Longhorns_logo.svg.png,2024,none,0.056,1.75,0.07,0.19,Adonai Mitchell,0.134,38,0.43,69,0.014,50,0.241,,,,,,,,,,,,,,,,,22.6,0.123,21.9,4,,,
138,https://a.espncdn.com/combiner/i?img=/i/headshots/college-football/players/full/4428532.png,Texas A&M,https://upload.wikimedia.org/wikipedia/commons/thumb/e/ee/Texas_A%26M_University_logo.svg/2492px-Texas_A%26M_University_logo.svg.png,2024,none,0.169,1.99,0.31,0.23,Ainias Smith,0.324,45,0.099,58,0.521,67,0.139,,,,,,,,,,,,,,,,,22.9,0.768,19.3,5,,,
137,https://a.espncdn.com/combiner/i?img=/i/headshots/college-football/players/full/4686781.png,USC,https://upload.wikimedia.org/wikipedia/commons/thumb/9/94/USC_Trojans_logo.svg/686px-USC_Trojans_logo.svg.png,2024,none,0.232,2.09,0.176,0.21,Brenden Rice,0.268,44,0.317,66,0.521,67,0.401,,,,,,,,,,,,,,,,,22.1,0.217,21.4,4,,,
129,https://a.espncdn.com/combiner/i?img=/i/headshots/college-football/players/full/4431299.png&w=350&h=254,Washington,https://upload.wikimedia.org/wikipedia/commons/thumb/1/17/Washington_Huskies_logo.svg/1200px-Washington_Huskies_logo.svg.png,2024,none,0.542,2.51,0.62,0.26,Rome Odunze,0.592,56,0.507,71,0.289,61,0.489,,,,,,,,,,,,,,,,,21.9,0.768,19.3,4,,,
136,https://a.espncdn.com/combiner/i?img=/i/headshots/college-football/players/full/4430834.png,Washington,https://upload.wikimedia.org/wikipedia/commons/thumb/1/17/Washington_Huskies_logo.svg/1200px-Washington_Huskies_logo.svg.png,2024,none,0.254,2.11,0.31,0.23,Jalen McMillan,0.268,44,0.472,70,0.387,64,0.372,,,,,,,,,,,,,,,,,22.2,0.196,21.5,4,,,
139,https://a.espncdn.com/combiner/i?img=/i/headshots/college-football/players/full/4430637.png,Washington,https://upload.wikimedia.org/wikipedia/commons/thumb/1/17/Washington_Huskies_logo.svg/1200px-Washington_Huskies_logo.svg.png,2024,none,0.155,1.95,0.07,0.19,Ja'Lynn Polk,0.148,39,0.577,73,0.289,61,0.401,,,,,,,,,,,,,,,,,22.1,0.217,21.4,4,,,
134,https://a.espncdn.com/combiner/i?img=/i/headshots/college-football/players/full/4613104.png,Western Kentucky,https://upload.wikimedia.org/wikipedia/en/thumb/1/1d/WKU_Athletics_logo.svg/1200px-WKU_Athletics_logo.svg.png,2024,none,0.331,2.21,0.732,0.27,Malachi Corley,0.07,35,0.169,60,0.93,81,0.372,,,,,,,,,,,,,,,,,22.2,0.196,21.5,4,,,
34,https://www.nfldraftbuzz.com/Content/PlayerHeadShots/Zay-Flowers-WR-BostonCollege.png,Boston College,https://upload.wikimedia.org/wikipedia/en/thumb/9/96/Boston_College_Eagles_logo.svg/1200px-Boston_College_Eagles_logo.svg.png,2023,22,0.317,2.19,0.401,0.24,Zay Flowers,0.563,55,0.035,53,0.437,65,0.372,0.112,5092,0.209,182,0.667,4.42,0.347,35.5,0.667,127,,-,,-,0.505,8.29,22.3,0.594,20,4,9.41,10,1
8,https://www.nfldraftbuzz.com/Content/PlayerHeadShots/Puka-Nacua-WR-Washington.png,BYU,https://upload.wikimedia.org/wikipedia/commons/a/a7/BYU_Stretch_Y_Logo.png,2023,177,0.965,3.45,0.93,0.31,Puka Nacua,0.951,72,0.901,83,0.69,70,0.62,0.716,6016,0.73,210,0.115,4.56,0.074,33,,-,0.041,7.32,0.213,4.36,0.107,5.17,21.6,0.754,19.3,4,13.5,43,1
75,https://www.playerprofiler.com/wp-content/uploads/2023/01/tre-tucker-advanced-stats.png,Cincinnati,https://upload.wikimedia.org/wikipedia/commons/thumb/2/2c/Cincinnati_Bearcats_logo.svg/1200px-Cincinnati_Bearcats_logo.svg.png,2023,100,0.486,2.37,0.732,0.27,Tre Tucker,0.486,51,0.296,65,0.732,71,0.533,0.052,5085,0.209,182,0.708,4.4,0.632,37.5,0.398,124,0.342,7.07,0.067,4.49,0.359,7.17,21.8,0.254,21.1,4,3.51,50,1
93,https://www.playerprofiler.com/wp-content/uploads/2023/01/tyler-scott-advanced-stats.png,Cincinnati,https://upload.wikimedia.org/wikipedia/commons/thumb/2/2c/Cincinnati_Bearcats_logo.svg/1200px-Cincinnati_Bearcats_logo.svg.png,2023,133,0.275,2.12,0.127,0.2,Tyler Scott,0.225,43,0.387,67,0.732,71,0.818,0.172,5097,0.104,177,0.531,4.44,0.8,39.5,0.903,133,0.534,6.99,0.533,4.25,0.621,8.61,21.2,0.29,20.9,3,1.71,46,1
111,https://www.playerprofiler.com/wp-content/uploads/2022/02/justin-shorter-advanced-stats.png,Florida,https://upload.wikimedia.org/wikipedia/en/thumb/1/14/Florida_Gators_gator_logo.svg/1200px-Florida_Gators_gator_logo.svg.png,2023,150,0.014,1.55,0.014,0.18,Justin Shorter,0.049,32,0.472,70,0.056,54,0.241,0.966,6042,0.991,229,0.115,4.55,0.347,35.5,0.613,126,0.014,7.35,0.107,4.46,0.456,7.94,22.7,0.058,22.4,5,0,50,1
10,https://www.playerprofiler.com/wp-content/uploads/2023/01/nathaniel-dell-advanced-stats.png,Houston,https://upload.wikimedia.org/wikipedia/commons/thumb/e/e8/Houston_Cougars_primary_logo.svg/1200px-Houston_Cougars_primary_logo.svg.png,2023,69,0.627,2.57,0.732,0.27,Nathaniel Dell,0.556,54,0.472,70,0.521,67,0.088,0.034,5083,0.009,165,0.375,4.49,,-,0.172,121,,-,,-,0.155,5.82,23.2,0.406,20.6,5,12.9,33,1
26,https://www.nfldraftbuzz.com/Content/PlayerHeadShots/Jayden-Reed-WR-MichiganState.png,Michigan State,https://upload.wikimedia.org/wikipedia/en/thumb/a/a7/Michigan_State_Athletics_logo.svg/1200px-Michigan_State_Athletics_logo.svg.png,2023,50,0.296,2.18,0.521,0.25,Jayden Reed,0.43,49,0.197,62,0.437,65,0.241,0.259,5107,0.287,187,0.531,4.45,0.158,33.5,0.172,121,,-,0.373,4.29,0.252,6.74,22.7,0.964,18.4,5,10.62,24,1
46,https://www.si.com/.image/t_share/MTkwMzU2NTE2MTg2ODkxNjY4/north-carolina-wr-josh-downs.png,North Carolina,https://upload.wikimedia.org/wikipedia/commons/thumb/d/d7/North_Carolina_Tar_Heels_logo.svg/1200px-North_Carolina_Tar_Heels_logo.svg.png,2023,79,0.535,2.5,0.732,0.27,Josh Downs,0.38,47,0.62,75,0.62,69,0.723,0.069,5086,0.052,171,0.375,4.48,0.705,38.5,0.849,131,0.863,6.75,0.76,4.15,0.709,8.99,21.4,0.79,19.1,3,7.4,21,1
45,https://a.espncdn.com/combiner/i?img=/i/headshots/nfl/players/full/4430878.png,Ohio State,https://upload.wikimedia.org/wikipedia/commons/thumb/c/c1/Ohio_State_Buckeyes_logo.svg/1200px-Ohio_State_Buckeyes_logo.svg.png,2023,20,0.944,3.32,0.62,0.26,Jaxon Smith-Njigba,0.782,62,1,92,0.838,74,0.905,0.517,6005,0.443,196,0.229,4.52,0.295,35,0.527,125,0.973,6.57,1,3.93,0.544,8.34,20.9,0.667,19.6,3,7.42,6,1
74,https://www.si.com/.image/t_share/MTkwNTY0Njg2NTQwODQyODc2/oklahoma-wr-marvin-mims.png,Oklahoma,https://upload.wikimedia.org/wikipedia/commons/thumb/6/61/Oklahoma_Sooners_logo.svg/795px-Oklahoma_Sooners_logo.svg.png,2023,63,0.831,2.95,0.239,0.22,Marvin Mims,0.648,57,0.972,89,0.345,63,0.978,0.259,5107,0.226,183,0.813,4.38,0.8,39.5,0.785,129,0.712,6.9,,-,0.816,9.41,20.8,0.942,18.5,3,3.71,22,1
67,https://www.si.com/.image/t_share/MTgyNzQwMDEyMDQxNzc0NDk5/i.png,Ole Miss,https://upload.wikimedia.org/wikipedia/commons/thumb/b/bf/Ole_Miss_Rebels_logo.svg/2560px-Ole_Miss_Rebels_logo.svg.png,2023,39,0.007,1.48,0.007,0.17,Jonathan Mingo,0.113,37,0.021,52,0.246,60,0.584,0.716,6016,0.861,220,0.469,4.46,0.8,39.5,0.785,129,0.438,7.04,0.56,4.25,0.971,9.87,21.7,0.471,20.4,4,4.71,16,
100,https://www.si.com/.image/t_share/MTkzNjgwOTU2OTcwNzcxOTA3/purdue-wr-charlie-jones.png,Purdue,https://upload.wikimedia.org/wikipedia/commons/thumb/3/35/Purdue_Boilermakers_logo.svg/1200px-Purdue_Boilermakers_logo.svg.png,2023,131,0.352,2.22,0.401,0.24,Charlie Jones,0.345,46,0.62,75,0.246,60,0.015,0.336,5113,0.078,175,0.615,4.43,0.516,36.5,0.398,124,0.781,6.84,0.733,4.15,0.592,8.54,24.2,0.007,23.9,6,1.11,50,1
25,https://www.si.com/.image/t_share/MTkwODkwMTI2MTQ0OTcyNDcw/smu-wr-rashee-rice.png,SMU,https://upload.wikimedia.org/wikipedia/commons/thumb/3/33/SMU_Mustang_logo.svg/1200px-SMU_Mustang_logo.svg.png,2023,55,0.451,2.34,0.62,0.26,Rashee Rice,0.345,46,0.197,62,0.803,73,0.533,0.517,6005,0.574,204,0.271,4.51,0.947,41,0.71,128,0.466,7.02,0.627,4.23,0.835,9.53,21.7,0.471,20.4,4,10.71,18,1
49,https://www.si.com/.image/t_share/MTkzODEwNDk4ODIxNTYzODg4/stanford-wr-michael-wilson.png,Stanford,https://upload.wikimedia.org/wikipedia/commons/thumb/4/4b/Stanford_Cardinal_logo.svg/304px-Stanford_Cardinal_logo.svg.png,2023,94,0.07,1.77,0.176,0.21,Michael Wilson,0.063,33,0.408,68,0.521,67,0.168,0.741,6017,0.791,213,0.063,4.58,0.632,37.5,0.527,125,0.808,6.81,0.44,4.27,0.854,9.55,22.9,0.667,19.5,5,7.01,37,1
68,https://www.nfldraftbuzz.com/Content/PlayerHeadShots/Quentin-Johnston-WR-TCU.png,TCU,https://upload.wikimedia.org/wikipedia/commons/thumb/1/15/TCU_Horned_Frogs_logo.svg/1280px-TCU_Horned_Frogs_logo.svg.png,2023,21,0.697,2.71,0.521,0.25,Quentin Johnston,0.761,61,0.317,66,0.592,68,0.774,0.81,6026,0.696,208,0.229,4.52,0.895,40.5,0.914,134,0.096,7.31,0.413,4.28,0.66,8.69,21.3,0.819,19,3,4.52,7,1
96,https://www.si.com/.image/t_share/MTkzODEwNTMzOTg2NjA4NjI0/tcu-wr-derius-davis.png,TCU,https://upload.wikimedia.org/wikipedia/commons/thumb/1/15/TCU_Horned_Frogs_logo.svg/1280px-TCU_Horned_Frogs_logo.svg.png,2023,125,0.176,2,0.31,0.23,Derius Davis,0.268,44,0.099,58,0.69,70,0.372,0.034,5083,0.009,165,0.813,4.36,0,30.5,0,105,0.178,7.23,0.187,4.38,0.039,4.29,22.3,0.181,21.6,5,1.61,50,1
80,https://www.nfldraftbuzz.com/Content/PlayerHeadShots/Jalin-Hyatt-WR-Tennessee.png,Tennessee,https://upload.wikimedia.org/wikipedia/commons/thumb/e/e3/Tennessee_Volunteers_logo.svg/1200px-Tennessee_Volunteers_logo.svg.png,2023,73,0.514,2.44,0.176,0.21,Jalin Hyatt,0.38,47,0.838,80,0.387,64,0.774,0.431,6001,0.087,176,0.708,4.4,0.853,40,0.935,135,0.411,7.06,0.307,4.33,0.68,8.76,21.3,0.29,20.9,3,3.11,23,1
87,https://www.si.com/.image/t_share/MTg5NTY1MzQ4ODUxMjMwMjky/tennessee-wr-cedric-tillman.png,Tennessee,https://upload.wikimedia.org/wikipedia/commons/thumb/e/e3/Tennessee_Volunteers_logo.svg/1200px-Tennessee_Volunteers_logo.svg.png,2023,74,0.239,2.1,0.239,0.22,Cedric Tillman,0.155,40,0.859,81,0.092,56,0.241,0.871,6033,0.791,213,0.177,4.54,0.6,37,0.71,128,0.082,7.32,,-,0.65,8.67,22.7,0.217,21.4,5,2.21,31,1
16,https://www.si.com/.image/t_share/MTkwMzU2NjU0Njk5NTg2OTY0/usc-wr-jordan-addison.png,USC,https://upload.wikimedia.org/wikipedia/commons/thumb/9/94/USC_Trojans_logo.svg/686px-USC_Trojans_logo.svg.png,2023,23,0.683,2.64,0.62,0.26,Jordan Addison,0.486,51,0.62,75,0.62,69,0.927,0.293,5111,0.052,171,0.375,4.49,0.189,34,0.258,122,0.411,7.05,0.68,4.19,0.175,5.94,20.9,0.884,18.6,3,12.01,8,1
62,https://www.nfldraftbuzz.com/Content/PlayerHeadShots/Dontayvion-Wicks-WR-Virginia.png,Virginia,https://upload.wikimedia.org/wikipedia/en/thumb/1/1e/Virginia_Cavaliers_logo.svg/800px-Virginia_Cavaliers_logo.svg.png,2023,159,0.493,2.39,0.401,0.24,Dontayvion Wicks,0.796,63,0.099,58,0.014,50,0.62,0.672,6013,0.643,206,0.021,4.62,0.758,39,0.828,130,0.671,6.91,0.627,4.2,0.748,9.17,21.5,0.507,20.2,4,5.32,50,1
71,https://www.nfldraftbuzz.com/Content/PlayerHeadShots/Jameson-Williams-WR-OhioState.png,Alabama,https://upload.wikimedia.org/wikipedia/commons/thumb/1/1b/Alabama_Crimson_Tide_logo.svg/2048px-Alabama_Crimson_Tide_logo.svg.png,2022,12,0.542,2.51,0.07,0.19,Jameson Williams,0.43,49,0.683,76,0.803,73,0.949,0.69,6014,0.148,179,,-,,-,,-,,-,,-,,-,20.8,0.449,20.4,3,4.25,6,"1,2"
94,https://www.nfldraftbuzz.com/Content/PlayerHeadShots/John-Metchie-WR-Alabama.png,Alabama,https://upload.wikimedia.org/wikipedia/commons/thumb/1/1b/Alabama_Crimson_Tide_logo.svg/2048px-Alabama_Crimson_Tide_logo.svg.png,2022,44,0.352,2.22,0.31,0.23,John Metchie III,0.092,36,0.782,79,0.838,74,0.62,0.31,5112,0.287,187,,-,,-,,-,,-,,-,,-,21.5,0.254,21.1,3,1.69,20,1
61,https://www.nfldraftbuzz.com/Content/PlayerHeadShots/Treylon-Burks-WR-Arkansas.png,Arkansas,https://upload.wikimedia.org/wikipedia/commons/thumb/8/81/Arkansas_Razorbacks_logo.svg/250px-Arkansas_Razorbacks_logo.svg.png,2022,18,0.789,2.87,0.521,0.25,Treylon Burks,0.739,60,0.577,73,0.732,71,0.511,0.767,6020,0.922,225,0.135,4.55,0.074,33,0.258,122,0.123,7.28,0.173,4.4,0.146,5.79,21.8,0.406,20.5,3,5.47,5,"1,2"
76,https://www.nfldraftbuzz.com/Content/PlayerHeadShots/Tyquan-Thornton-WR-Baylor.png,Baylor,https://upload.wikimedia.org/wikipedia/commons/thumb/c/c4/Baylor_Athletics_logo.svg/1200px-Baylor_Athletics_logo.svg.png,2022,50,0.099,1.87,0.07,0.19,Tyquan Thornton,0.183,41,0.43,69,0.134,57,0.745,0.784,6023,0.165,181,0.979,4.28,0.516,36.5,0.828,130,0.164,7.25,0.187,4.39,0.592,8.54,21.4,0.819,19.1,4,3.45,25,"1,2"
64,https://yardsperfantasy.com/wp-content/uploads/2022/01/AB1F7897-5AFE-4DF6-9BFA-08357D09B4DE.png,Cincinnati,https://upload.wikimedia.org/wikipedia/commons/thumb/2/2c/Cincinnati_Bearcats_logo.svg/1200px-Cincinnati_Bearcats_logo.svg.png,2022,53,0.296,2.18,0.127,0.2,Alec Pierce,0.19,42,0.923,84,0.042,53,0.584,0.853,6031,0.757,211,0.667,4.41,0.895,40.5,0.785,129,0.26,7.13,0.44,4.28,0.961,9.83,21.7,0.754,19.3,4,5.17,21,"1,2"
38,https://www.nfldraftbuzz.com/Content/PlayerHeadShots/George-Pickens-WR-Georgia.png,Georgia,https://upload.wikimedia.org/wikipedia/commons/thumb/8/80/Georgia_Athletics_logo.svg/1200px-Georgia_Athletics_logo.svg.png,2022,52,0.458,2.35,0.401,0.24,George Pickens,0.415,48,0.782,79,0.077,55,0.949,0.862,6032,0.426,195,0.469,4.47,0.074,33,0.527,125,,-,,-,0.796,9.35,20.8,0.928,18.5,3,8.65,13,"1,2"
56,https://www.si.com/.image/t_share/MTgzNDMwNjE5MTYwNjUwNzkw/i.png,Kentucky,https://upload.wikimedia.org/wikipedia/commons/thumb/b/b6/Kentucky_Wildcats_logo.svg/1200px-Kentucky_Wildcats_logo.svg.png,2022,43,0.845,2.96,0.951,0.33,Wan'Dale Robinson,0.739,60,0.782,79,0.62,69,0.876,0.026,5080,0.113,178,0.531,4.44,0.221,34.5,0.075,118,0.521,6.99,0.827,4.13,0.379,7.35,21,0.884,18.7,3,6.22,22,"1,2"
83,https://a.espncdn.com/combiner/i?img=/i/headshots/college-football/players/full/4243389.png&w=350&h=254,Memphis,https://upload.wikimedia.org/wikipedia/en/4/45/Memphis_Tigers_logo.svg,2022,138,0.732,2.76,0.866,0.29,Calvin Austin III,0.915,70,0.07,57,0.387,64,0.19,0.017,5076,0.043,170,0.896,4.32,0.758,39,0.935,135,0.959,6.65,0.893,4.07,0.738,9.05,22.8,0.072,22.4,5,2.64,40,1
42,https://www.nfldraftbuzz.com/Content/PlayerHeadShots/Romeo-Doubs-WR-Nevada.png,Nevada,https://upload.wikimedia.org/wikipedia/en/thumb/2/21/Nevada_Wolf_Pack_logo.svg/1200px-Nevada_Wolf_Pack_logo.svg.png,2022,132,0.401,2.25,0.31,0.23,Romeo Doubs,0.268,44,0.718,77,0.345,63,0.533,0.741,6017,0.496,201,,-,,-,,-,,-,,-,,-,21.7,0.725,19.4,4,7.63,28,"1,2"
20,https://www.si.com/.image/t_share/MTgyMDk5MTA2Mjg0NDQ2ODUx/chris-olave.png,Ohio State,https://upload.wikimedia.org/wikipedia/commons/thumb/c/c1/Ohio_State_Buckeyes_logo.svg/1200px-Ohio_State_Buckeyes_logo.svg.png,2022,11,0.754,2.8,0.62,0.26,Chris Olave,0.711,59,0.958,87,0.092,56,0.679,0.56,6006,0.287,187,0.74,4.39,0.053,32,0.398,124,,-,,-,0.641,8.64,21.5,0.79,19.2,4,11.21,7,"1,2"
30,https://www.nfldraftbuzz.com/Content/PlayerHeadShots/Garrett-Wilson-WR-OhioState.png,Ohio State,https://upload.wikimedia.org/wikipedia/commons/thumb/c/c1/Ohio_State_Buckeyes_logo.svg/1200px-Ohio_State_Buckeyes_logo.svg.png,2022,10,0.711,2.73,0.521,0.25,Garrett Wilson,0.563,55,0.838,80,0.437,65,0.679,0.379,5116,0.226,183,0.781,4.38,0.421,36,0.323,123,,-,0.213,4.36,0.427,7.77,21.5,0.507,20.1,3,10.23,4,"1,2"
41,https://www.si.com/.image/t_share/MTgyMTAxMDUyMTczMDY3Mzk1/i.png,Penn State,https://upload.wikimedia.org/wikipedia/en/thumb/3/3a/Penn_State_Nittany_Lions_logo.svg/1200px-Penn_State_Nittany_Lions_logo.svg.png,2022,16,0.254,2.11,0.239,0.22,Jahan Dotson,0.324,45,0.275,64,0.521,67,0.533,0.233,5105,0.113,178,0.615,4.43,0.421,36,0.172,121,0.123,7.28,,-,0.233,6.33,21.8,0.254,21.2,4,7.94,11,"1,2"
89,https://a.espncdn.com/combiner/i?img=/i/headshots/college-football/players/full/4570409.png&w=350&h=254,Purdue,https://upload.wikimedia.org/wikipedia/commons/thumb/3/35/Purdue_Boilermakers_logo.svg/1200px-Purdue_Boilermakers_logo.svg.png,2022,99,0.465,2.36,0.732,0.27,David Bell,0.345,46,0.62,75,0.437,65,0.818,0.586,6007,0.765,212,0,4.65,0.074,33,0.075,118,0.233,7.14,0,4.57,0.01,3.99,21.1,0.884,18.7,3,1.82,17,"1,2"
108,https://a.espncdn.com/combiner/i?img=/i/headshots/nfl/players/full/4248822.png&w=350&h=254,Samford,https://upload.wikimedia.org/wikipedia/en/thumb/b/b9/Samford_Bulldogs_logo.svg/1200px-Samford_Bulldogs_logo.svg.png,2022,162,0.127,1.91,0.07,0.19,Montrell Washington,0.155,40,0.317,66,0.387,64,0.533,0.095,5087,0.165,181,0.375,4.48,0.421,36,,-,0.151,7.25,0.333,4.32,0.049,4.32,21.8,0.254,21.1,4,0,45,0
109,https://a.espncdn.com/combiner/i?img=/i/headshots/nfl/players/full/4689546.png,SMU,https://upload.wikimedia.org/wikipedia/commons/thumb/3/33/SMU_Mustang_logo.svg/1200px-SMU_Mustang_logo.svg.png,2022,105,0.514,2.44,0.401,0.24,Danny Gray,0.465,50,0.387,67,0.944,82,0.19,0.397,5117,0.261,186,0.896,4.33,0.189,34,0.613,126,0,7.38,0.213,4.37,0.262,6.76,22.8,0.196,21.5,4,0,45,0
97,https://www.si.com/.image/t_share/MTgyNDUzODAyNjY4OTI2MDgz/i.png,South Alabama,https://upload.wikimedia.org/wikipedia/en/e/ee/Southalabama_jaguars_logo.png,2022,88,0.606,2.55,0.521,0.25,Jalen Tolbert,0.782,62,0.317,66,0.204,59,0.168,0.638,6011,0.409,194,0.333,4.49,0.421,36,0.323,123,0.342,7.08,0.56,4.24,0.621,8.61,22.9,0.406,20.5,5,1.59,23,"1,2"
92,https://www.si.com/.image/t_share/MTg2MzczMzAzMzg3MDM4ODQ5/i.png,Tennessee,https://upload.wikimedia.org/wikipedia/commons/thumb/e/e3/Tennessee_Volunteers_logo.svg/1200px-Tennessee_Volunteers_logo.svg.png,2022,71,0.218,2.05,0.239,0.22,Velus Jones Jr.,0.07,35,0.577,73,0.887,78,0,0.379,5116,0.574,204,0.948,4.31,0.074,33,0.172,121,0.068,7.32,0.053,4.51,0.33,7.1,24.7,0,24.3,6,1.74,37,"1,2"
110,https://www.nfldraftbuzz.com/Content/PlayerHeadShots/Erik-Ezukanma-WR-TexasTech.png,Texas Tech,https://upload.wikimedia.org/wikipedia/commons/thumb/4/4e/Texas_Tech_Athletics_logo.svg/1200px-Texas_Tech_Athletics_logo.svg.png,2022,125,0.282,2.14,0.176,0.21,Erik Ezukanma,0.225,43,0.43,69,0.62,69,0.489,0.741,6017,0.722,209,0.135,4.55,0.516,36.5,0.613,126,0.205,7.2,0.213,4.38,0.311,7.03,21.9,0.37,20.6,4,0,45,0
85,https://www.nfldraftbuzz.com/Content/PlayerHeadShots/Kyle-Philips-WR-UCLA.png,UCLA,https://upload.wikimedia.org/wikipedia/commons/thumb/d/d1/UCLA_Bruins_primary_logo.svg/1200px-UCLA_Bruins_primary_logo.svg.png,2022,163,0.049,1.74,0.401,0.24,Kyle Philips,0.19,42,0.035,53,0.437,65,0.241,0.31,5112,0.339,189,0.083,4.58,0.158,33.5,0.398,124,0.863,6.75,0.893,4.09,0.524,8.31,22.6,0.507,20.2,4,2.41,38,
36,https://www.nfldraftbuzz.com/Content/PlayerHeadShots/Drake-London-WR-USC.png,USC,https://upload.wikimedia.org/wikipedia/commons/thumb/9/94/USC_Trojans_logo.svg/686px-USC_Trojans_logo.svg.png,2022,8,0.444,2.32,0.31,0.23,Drake London,0.19,42,0.782,79,0.592,68,1,0.914,6037,0.852,219,,-,,-,,-,,-,,-,,-,20.5,0.986,18.1,3,8.8,3,"1,2"
84,https://a.espncdn.com/combiner/i?img=/i/headshots/college-football/players/full/4430191.png&w=350&h=254,Western Michigan,https://upload.wikimedia.org/wikipedia/commons/thumb/b/b0/Western_Michigan_Broncos_%282021%29_logo.svg/1200px-Western_Michigan_Broncos_%282021%29_logo.svg.png,2022,54,0.817,2.92,0.866,0.29,Skyy Moore,0.761,61,0.577,73,0.69,70,0.774,0.155,5095,0.426,195,0.667,4.41,0.221,34.5,0.527,125,0.288,7.13,0.36,4.32,0.408,7.58,21.3,0.551,20,3,2.5,10,"1,2"
12,https://www.nfldraftbuzz.com/Content/PlayerHeadShots/Jaylen-Waddle-WR-Alabama.png,Alabama,https://upload.wikimedia.org/wikipedia/commons/thumb/1/1b/Alabama_Crimson_Tide_logo.svg/2048px-Alabama_Crimson_Tide_logo.svg.png,2021,6,0.993,3.57,0.401,0.24,Jaylen Waddle,0.859,67,0.979,90,0.944,82,0.299,0.129,5094,0.157,180,,-,,-,,-,,-,,-,,-,22.3,0.138,21.8,3,12.61,10,"1,2"
14,https://assets-sports.thescore.com/football/player/119710/headshot.png,Alabama,https://upload.wikimedia.org/wikipedia/commons/thumb/1/1b/Alabama_Crimson_Tide_logo.svg/2048px-Alabama_Crimson_Tide_logo.svg.png,2021,10,0.887,3.1,0.401,0.24,DeVonta Smith,0.345,46,0.965,88,0.944,82,0.299,0.448,6002,0.026,166,,-,,-,,-,,-,,-,,-,22.4,0.333,20.8,4,12.06,9,"2,3"
90,https://a.espncdn.com/combiner/i?img=/i/headshots/college-football/players/full/4371986.png&w=350&h=254,Auburn,https://upload.wikimedia.org/wikipedia/commons/thumb/1/15/Auburn_Tigers_logo.svg/2317px-Auburn_Tigers_logo.svg.png,2021,91,0.415,2.3,0.803,0.28,Anthony Schwartz,0.43,49,0.07,57,0.944,82,0.993,0.414,6000,0.261,186,1,4.27,0.053,32,0.323,123,0.26,7.13,0.507,4.25,0.291,6.89,20.6,0.551,20,3,1.8,33,"1,2"
99,https://www.nfldraftbuzz.com/Content/PlayerHeadShots/Amari-Rodgers-WR-Clemson.png,Clemson,https://upload.wikimedia.org/wikipedia/commons/thumb/7/72/Clemson_Tigers_logo.svg/1200px-Clemson_Tigers_logo.svg.png,2021,85,0.176,2,0.239,0.22,Amari Rodgers,0,25,0.62,75,0.944,82,0.657,0.129,5094,0.765,212,0.229,4.52,0.074,33,0.172,121,0.342,7.07,0.373,4.31,0.117,5.35,21.5,0.254,21,4,1.15,20,"1,2"
106,https://a.espncdn.com/combiner/i?img=/i/headshots/nfl/players/full/4035465.png&w=350&h=254,Clemson,https://upload.wikimedia.org/wikipedia/commons/thumb/7/72/Clemson_Tigers_logo.svg/1200px-Clemson_Tigers_logo.svg.png,2021,181,0.113,1.88,0.127,0.2,Cornell Powell,0.07,35,0.556,72,0.521,67,0.015,0.448,6002,0.574,204,0.177,4.53,0.516,36.5,0.71,128,0.466,7.03,0.627,4.21,0.398,7.57,23.4,0.022,22.9,5,0,41,0
57,https://profootballdraft.com/wp-content/uploads/2020/10/Toney.png,Florida,https://upload.wikimedia.org/wikipedia/en/thumb/1/14/Florida_Gators_gator_logo.svg/1200px-Florida_Gators_gator_logo.svg.png,2021,20,0.62,2.56,0.401,0.24,Kadarius Toney,0.225,43,0.782,79,0.979,83,0.438,0.362,5115,0.391,193,0.781,4.38,0.8,39.5,0.978,136,0.712,6.88,0.613,4.23,0.709,8.99,22.1,0.167,21.6,4,5.89,18,"1,2"
91,https://www.nfldraftbuzz.com/Content/PlayerHeadShots/Ihmir-Smith-Marsette-WR-Iowa.png,Iowa,https://upload.wikimedia.org/wikipedia/en/thumb/7/7b/Iowa_Hawkeyes_logo.svg/1200px-Iowa_Hawkeyes_logo.svg.png,2021,157,0.035,1.68,0.239,0.22,Ihmir Smith-Marsette,0.38,47,0.007,48,0.134,57,0.679,0.56,6006,0.165,181,0.333,4.5,0.6,37,0.398,124,0.342,7.06,0.6,4.23,0.282,6.81,21.5,0.551,20,3,1.77,43,"1,3"
58,"https://footballguys.imgix.net/nfl-player-headshots/AtweTu00.png?auto=format,compress&h=160&trim=color",Louisville,https://upload.wikimedia.org/wikipedia/en/thumb/5/59/Louisville_Cardinals_logo.svg/1200px-Louisville_Cardinals_logo.svg.png,2021,57,0.627,2.57,0.521,0.25,Tutu Atwell,0.711,59,0.169,60,0.732,71,0.745,0.095,5087,0,149,0.74,4.39,0.074,33,0.065,117,0.712,6.87,0.867,4.09,0.223,6.25,21.4,0.848,18.9,3,5.54,31,"2,3"
107,https://a.espncdn.com/combiner/i?img=/i/headshots/nfl/players/full/4036026.png&w=350&h=254,Louisville,https://upload.wikimedia.org/wikipedia/en/thumb/5/59/Louisville_Cardinals_logo.svg/1200px-Louisville_Cardinals_logo.svg.png,2021,109,0.197,2.01,0.176,0.21,Dez Fitzpatrick,0.486,51,0.056,56,0.204,59,0.088,0.716,6016,0.696,208,0.333,4.49,0.295,35,,-,0.342,7.06,0.533,4.25,0.689,8.81,23.3,0.667,19.7,5,0,45,0
5,https://nfldraftbuzz.com/Content/PlayerHeadShots/Ja'Marr-Chase-WR-LSU.png,LSU,https://upload.wikimedia.org/wikipedia/commons/thumb/4/4a/LSU_Athletics_logo.svg/2560px-LSU_Athletics_logo.svg.png,2021,5,0.901,3.12,0.31,0.23,Ja'Marr Chase,0.824,64,0.859,81,0.69,70,0.818,0.466,6003,0.496,201,0.885,4.34,0.947,41,0.882,132,0.575,6.96,0.987,3.99,0.951,9.82,21.1,0.667,19.5,3,15.43,3,"1,2"
72,https://www.nfldraftbuzz.com/Content/PlayerHeadShots/Terrace-MarshallJr-WR-LSU.png,LSU,https://upload.wikimedia.org/wikipedia/commons/thumb/4/4a/LSU_Athletics_logo.svg/2560px-LSU_Athletics_logo.svg.png,2021,59,0.162,1.98,0.07,0.19,Terrace Marshall Jr.,0.092,36,0.718,77,0.324,62,0.971,0.793,6024,0.609,205,0.667,4.4,0.758,39,0.527,125,,-,,-,0.913,9.76,20.8,0.79,19.2,3,4.14,15,"2,3"
21,https://www.nfldraftbuzz.com/Content/PlayerHeadShots/Nico-Collins-WR-Michigan.png,Michigan,https://upload.wikimedia.org/wikipedia/commons/thumb/f/fb/Michigan_Wolverines_logo.svg/1200px-Michigan_Wolverines_logo.svg.png,2021,89,0.282,2.14,0.127,0.2,Nico Collins,0.268,44,0.556,72,0.246,60,0.438,0.957,6041,0.826,215,0.469,4.45,0.632,37.5,0.527,125,0.89,6.71,0.373,4.32,0.874,9.57,22.1,0.667,19.5,4,11.14,23,"2,3"
48,https://profootballdraft.com/wp-content/uploads/2020/05/RashodBateman.png,Minnesota,https://upload.wikimedia.org/wikipedia/commons/thumb/f/f9/Minnesota_Golden_Gophers_logo.svg/1200px-Minnesota_Golden_Gophers_logo.svg.png,2021,27,0.803,2.89,0.901,0.3,Rashod Bateman,0.915,70,0.239,63,0.345,63,0.774,0.466,6003,0.365,190,0.573,4.43,0.421,36,0.323,123,0.63,6.95,0.213,4.35,0.466,8.04,21.3,0.862,18.8,3,7.06,12,"1,2"
88,https://a.espncdn.com/combiner/i?img=/i/headshots/nfl/players/full/4361577.png&w=350&h=254,North Carolina,https://upload.wikimedia.org/wikipedia/commons/thumb/d/d7/North_Carolina_Tar_Heels_logo.svg/1200px-North_Carolina_Tar_Heels_logo.svg.png,2021,82,0.465,2.36,0.127,0.2,Dyami Brown,0.43,49,0.782,79,0.176,58,0.745,0.517,6005,0.339,189,0.51,4.45,0.347,35.5,0.71,128,0.767,6.85,0.213,4.35,0.553,8.38,21.4,0.63,19.8,3,2.07,26,"2,3"
105,https://www.playerprofiler.com/wp-content/uploads/2021/01/jaelon-darden-advanced-stats.png,North Texas,https://upload.wikimedia.org/wikipedia/en/thumb/a/a2/North_Texas_Mean_Green_logo.svg/1200px-North_Texas_Mean_Green_logo.svg.png,2021,129,0.542,2.51,0.901,0.3,Jaelon Darden,0.486,51,0.275,64,0.775,72,0.401,0.009,5075,0.07,174,0.469,4.46,0.347,35.5,0.258,122,0.918,6.67,0.853,4.1,0.35,7.15,22.2,0.37,20.6,4,0,44,"1,2"
102,https://a.espncdn.com/combiner/i?img=/i/headshots/recruiting/ncf/players/full/208716.png&w=350&h=254,Oklahoma State,https://upload.wikimedia.org/wikipedia/commons/thumb/0/01/Oklahoma_State_University_system_logo.svg/1200px-Oklahoma_State_University_system_logo.svg.png,2021,131,0.908,3.13,0.93,0.31,Tylan Wallace,0.965,76,0.43,69,0.246,60,0.511,0.336,5113,0.409,194,0.313,4.5,0.074,33,0.022,112,0.562,6.97,0.507,4.25,0.087,4.71,21.9,0.768,19.3,4,0.65,30,"2,3"
40,https://a.espncdn.com/combiner/i?img=/i/headshots/nfl/players/full/4372414.png,Ole Miss,https://upload.wikimedia.org/wikipedia/commons/thumb/b/bf/Ole_Miss_Rebels_logo.svg/2560px-Ole_Miss_Rebels_logo.svg.png,2021,34,0.725,2.75,0.901,0.3,Elijah Moore,0.711,59,0.606,74,0.437,65,0.905,0.129,5094,0.113,178,0.854,4.35,0.421,36,0.172,121,0.918,6.65,0.96,4,0.66,8.69,21,0.725,19.4,3,8.08,16,"1,3"
50,https://bloximages.chicago2.vip.townnews.com/newsandtribune.com/content/tncms/assets/v3/editorial/0/c6/0c660d86-fee0-11eb-aa59-2b59fb7fc548/611ae47bddd8e.image.png,Purdue,https://upload.wikimedia.org/wikipedia/commons/thumb/3/35/Purdue_Boilermakers_logo.svg/1200px-Purdue_Boilermakers_logo.svg.png,2021,49,0.669,2.63,0.944,0.32,Rondale Moore,0.465,50,0.317,66,0.915,80,0.985,0,5070,0.165,181,0.896,4.32,0.989,42.5,0.71,128,0.89,6.68,0.867,4.1,0.786,9.33,20.8,0.964,18.2,3,6.77,13,"1,2"
101,https://static.www.nfl.com/image/private/t_editorial_landscape_mobile/f_auto/league/tdixulojbj0bb6dvinqk,Stanford,https://upload.wikimedia.org/wikipedia/commons/thumb/4/4b/Stanford_Cardinal_logo.svg/304px-Stanford_Cardinal_logo.svg.png,2021,179,0.38,2.23,0.31,0.23,Simi Fehoko,0.592,56,0.134,59,0.028,52,0.073,0.914,6037,0.878,222,0.531,4.44,0.221,34.5,0.118,120,0.836,6.78,0.44,4.26,0.757,9.18,23.4,0.138,21.8,5,1.01,45,"2,3"
39,https://a.espncdn.com/combiner/i?img=/i/headshots/college-football/players/full/5121573.png,Tennessee,https://upload.wikimedia.org/wikipedia/commons/thumb/e/e3/Tennessee_Volunteers_logo.svg/1200px-Tennessee_Volunteers_logo.svg.png,2021,77,0,1.42,0.014,0.18,Josh Palmer,0.134,38,0.134,59,0,41,0.657,0.647,6012,0.73,210,0.271,4.51,0.189,34,0.527,125,0.534,6.98,0.56,4.24,0.417,7.59,21.5,0.29,21,4,8.58,26,"2,3"
6,https://www.nfldraftbuzz.com/Content/PlayerHeadShots/Amon-Ra-StBrown-WR-USC.png,USC,https://upload.wikimedia.org/wikipedia/commons/thumb/9/94/USC_Trojans_logo.svg/686px-USC_Trojans_logo.svg.png,2021,112,0.254,2.11,0.31,0.23,Amon-Ra St. Brown,0.155,40,0.718,77,0.345,63,0.723,0.353,5114,0.452,197,0.031,4.61,0.705,38.5,0.667,127,0.699,6.9,0.44,4.26,0.34,7.12,21.4,0.833,18.9,3,14.48,19,"2,3"
95,https://www.nfldraftbuzz.com/Content/PlayerHeadShots/D'Wayne-Eskridge-WR-WesternMichigan.png,Western Michigan,https://upload.wikimedia.org/wikipedia/commons/thumb/b/b0/Western_Michigan_Broncos_%282021%29_logo.svg/1200px-Western_Michigan_Broncos_%282021%29_logo.svg.png,2021,56,0.81,2.91,0.62,0.26,D'Wayne Eskridge,0.915,70,0.134,59,0.775,72,0.015,0.069,5086,0.365,190,0.708,4.4,0.295,35,0.398,124,0.63,6.95,0.44,4.27,0.243,6.71,24,0.449,20.5,5,1.65,29,"1,2"
28,https://a.espncdn.com/combiner/i?img=/i/headshots/college-football/players/full/4241475.png&w=350&h=254,Alabama,https://upload.wikimedia.org/wikipedia/commons/thumb/1/1b/Alabama_Crimson_Tide_logo.svg/2048px-Alabama_Crimson_Tide_logo.svg.png,2020,12,0.38,2.23,0.014,0.18,Henry Ruggs III,0.113,37,0.718,77,0.93,81,0.584,0.276,5110,0.322,188,0.99,4.27,0.968,42,0.849,131,,-,,-,0.845,9.54,21.7,0.551,20,3,10.43,12,1
32,https://a.espncdn.com/combiner/i?img=/i/headshots/recruiting/ncf/players/full/203573.png&w=350&h=254,Alabama,https://upload.wikimedia.org/wikipedia/commons/thumb/1/1b/Alabama_Crimson_Tide_logo.svg/2048px-Alabama_Crimson_Tide_logo.svg.png,2020,15,0.831,2.95,0.521,0.25,Jerry Jeudy,0.796,63,0.556,72,0.62,69,0.876,0.603,6010,0.391,193,0.51,4.45,0.295,35,0.118,120,,-,0.04,4.53,0.262,6.76,21,0.725,19.4,3,9.74,10,"1,3"
15,https://a.espncdn.com/combiner/i?img=/i/headshots/nfl/players/full/4360438.png,Arizona State,https://upload.wikimedia.org/wikipedia/commons/thumb/a/a3/ASU_Athletics_Logo.svg/2560px-ASU_Athletics_Logo.svg.png,2020,25,0.711,2.73,0.401,0.24,Brandon Aiyuk,0.592,56,0.317,66,0.986,85,0.438,0.362,5115,0.609,205,0.271,4.5,0.853,40,0.71,128,,-,,-,0.583,8.47,22.1,0.406,20.5,4,12.03,19,"3,4"
77,"https://static.www.nfl.com/image/private/f_auto,q_85/league/bw5tmpojs437fgssnsu7",Baylor,https://upload.wikimedia.org/wikipedia/commons/thumb/c/c4/Baylor_Athletics_logo.svg/1200px-Baylor_Athletics_logo.svg.png,2020,59,0.352,2.22,0.401,0.24,Denzel Mims,0.592,56,0.239,63,0.092,56,0.299,0.828,6027,0.678,207,0.781,4.38,0.705,38.5,0.849,131,0.918,6.66,0.133,4.43,0.932,9.77,22.5,0.862,18.9,4,3.3,15,"1,2"
18,https://a.espncdn.com/combiner/i?img=/i/headshots/college-football/players/full/4239993.png&w=350&h=254,Clemson,https://upload.wikimedia.org/wikipedia/commons/thumb/7/72/Clemson_Tigers_logo.svg/1200px-Clemson_Tigers_logo.svg.png,2020,33,0.951,3.37,0.866,0.29,Tee Higgins,0.972,77,0.683,76,0.324,62,0.818,0.897,6035,0.835,216,0.167,4.54,0.032,31,,-,,-,0.027,4.53,0.019,4.13,21.2,0.92,18.6,3,11.87,13,"2,3"
44,https://www.maddenratings.com/wp-content/uploads/laviska-shenault-jr.png,Colorado,https://upload.wikimedia.org/wikipedia/en/thumb/d/d3/Colorado_Buffaloes_logo.svg/1200px-Colorado_Buffaloes_logo.svg.png,2020,42,0.958,3.39,0.972,0.34,Laviska Shenault Jr.,0.859,67,0.754,78,0.887,78,0.657,0.517,6005,0.957,227,0.063,4.58,,-,,-,,-,,-,0.301,6.97,21.5,0.594,19.9,3,7.46,18,"1,2"
43,https://b.fssta.com/uploads/application/nfl/headshots/21504.vresize.350.350.medium.18.png,Florida,https://upload.wikimedia.org/wikipedia/en/thumb/1/14/Florida_Gators_gator_logo.svg/1200px-Florida_Gators_gator_logo.svg.png,2020,57,0.077,1.79,0.176,0.21,Van Jefferson,0.092,36,0.408,68,0.345,63,0.015,0.69,6014,0.478,200,,-,,-,,-,,-,,-,,-,23.7,0.094,22.1,5,7.5,33,"2,3"
73,https://a.espncdn.com/combiner/i?img=/i/headshots/nfl/players/full/4259979.png&w=350&h=254,Kentucky,https://upload.wikimedia.org/wikipedia/commons/thumb/b/b6/Kentucky_Wildcats_logo.svg/1200px-Kentucky_Wildcats_logo.svg.png,2020,80,0.465,2.36,0.732,0.27,Lynn Bowden Jr.,0.268,44,0.683,76,0.873,76,0.241,0.233,5105,0.574,204,,-,,-,,-,,-,,-,,-,22.5,0.319,20.9,3,3.9,30,1
112,https://a.espncdn.com/combiner/i?img=/i/headshots/nfl/players/full/4029893.png,Liberty,https://upload.wikimedia.org/wikipedia/en/thumb/8/80/Liberty_Flames_logo.svg/1200px-Liberty_Flames_logo.svg.png,2020,142,0.704,2.72,0.866,0.29,Antonio Gandy-Golden,0.894,69,0.197,62,0.204,59,0.438,0.931,6040,0.896,223,0.031,4.6,0.421,36,0.667,127,0.041,7.33,0.013,4.55,0.194,6.13,22,0.746,19.4,4,0,38,0
2,https://a.espncdn.com/combiner/i?img=/i/headshots/nfl/players/full/4262921.png,LSU,https://upload.wikimedia.org/wikipedia/commons/thumb/4/4a/LSU_Athletics_logo.svg/2560px-LSU_Athletics_logo.svg.png,2020,22,0.627,2.57,0.31,0.23,Justin Jefferson,0.345,46,0.93,85,0.521,67,0.964,0.647,6012,0.53,202,0.573,4.43,0.632,37.5,0.613,126,,-,,-,0.903,9.69,20.8,0.667,19.6,3,17.09,11,"2,3"
81,https://b.fssta.com/uploads/application/nfl/headshots/21613.vresize.350.350.medium.39.png,Minnesota,https://upload.wikimedia.org/wikipedia/commons/thumb/f/f9/Minnesota_Golden_Gophers_logo.svg/1200px-Minnesota_Golden_Gophers_logo.svg.png,2020,161,0.937,3.31,0.951,0.33,Tyler Johnson,0.993,80,0.387,67,0.324,62,0.62,0.672,6013,0.643,206,,-,,-,,-,,-,,-,,-,21.6,0.833,19,4,2.87,41,"1,2"
29,https://a.espncdn.com/combiner/i?img=/i/headshots/recruiting/ncf/players/full/210776.png&w=350&h=254,Notre Dame,https://upload.wikimedia.org/wikipedia/commons/thumb/f/f5/Notre_Dame_Fighting_Irish_logo.svg/1200px-Notre_Dame_Fighting_Irish_logo.svg.png,2020,49,0.085,1.84,0.127,0.2,Chase Claypool,0.113,37,0.408,68,0.387,64,0.533,0.966,6042,1,238,0.615,4.42,0.895,40.5,0.613,126,,-,,-,1,9.98,21.8,0.406,20.5,4,10.35,24,"1,2"
3,https://www.playerprofiler.com/wp-content/uploads/2022/03/Ceedee-Lamb.png,Oklahoma,https://upload.wikimedia.org/wikipedia/commons/thumb/6/61/Oklahoma_Sooners_logo.svg/795px-Oklahoma_Sooners_logo.svg.png,2020,17,0.873,3.05,0.31,0.23,CeeDee Lamb,0.563,55,0.887,82,0.887,78,0.876,0.707,6015,0.461,198,0.313,4.5,0.221,34.5,0.398,124,,-,,-,0.388,7.44,21,0.71,19.4,3,16.09,8,"3,4"
63,https://a.espncdn.com/combiner/i?img=/i/headshots/college-football/players/full/4240380.png&w=350&h=254,Penn State,https://upload.wikimedia.org/wikipedia/en/thumb/3/3a/Penn_State_Nittany_Lions_logo.svg/1200px-Penn_State_Nittany_Lions_logo.svg.png,2020,46,0.38,2.23,0.239,0.22,K.J. Hamler,0.592,56,0.056,56,0.289,61,0.927,0.052,5085,0.113,178,,-,,-,,-,,-,,-,,-,20.8,0.79,19.2,3,5.31,30,"1,2"
69,https://a.espncdn.com/combiner/i?img=/i/headshots/nfl/players/full/4038818.png,South Carolina,https://upload.wikimedia.org/wikipedia/commons/thumb/9/94/South_Carolina_Gamecocks_logo.svg/1200px-South_Carolina_Gamecocks_logo.svg.png,2020,81,0.317,2.19,0.732,0.27,Bryan Edwards,0.324,45,0.197,62,0.732,71,0.679,0.81,6026,0.765,212,,-,,-,,-,,-,,-,,-,21.4,1,17.8,4,4.39,22,"1,2"
66,https://a.espncdn.com/combiner/i?img=/i/headshots/nfl/players/full/4241802.png,TCU,https://upload.wikimedia.org/wikipedia/commons/thumb/1/15/TCU_Horned_Frogs_logo.svg/1280px-TCU_Horned_Frogs_logo.svg.png,2020,21,0.225,2.08,0.62,0.26,Jalen Reagor,0.648,57,0.014,49,0.204,59,0.774,0.233,5105,0.643,206,0.438,4.47,0.968,42,0.989,138,0.11,7.31,0.067,4.46,0.184,6.03,21.3,0.884,18.7,3,4.79,9,"1,2"
60,https://a.espncdn.com/combiner/i?img=/i/headshots/recruiting/ncf/players/full/190661.png&w=350&h=254,Texas,https://upload.wikimedia.org/wikipedia/commons/thumb/8/8d/Texas_Longhorns_logo.svg/1280px-Texas_Longhorns_logo.svg.png,2020,59,0.092,1.86,0.07,0.19,Devin Duvernay,0.028,28,0.782,79,0.62,69,0.241,0.216,5104,0.478,200,0.74,4.39,0.347,35.5,0.323,123,0.247,7.13,0.627,4.2,0.437,7.86,22.6,0.123,22,4,5.47,39,"2,3"
114,https://www.playerprofiler.com/wp-content/uploads/2022/03/Collin-Johnson.png,Texas,https://upload.wikimedia.org/wikipedia/commons/thumb/8/8d/Texas_Longhorns_logo.svg/1280px-Texas_Longhorns_logo.svg.png,2020,165,0.148,1.94,0.176,0.21,Collin Johnson,0.19,42,0.507,71,0.134,57,,0.991,6055,0.878,222,,-,,-,,-,,-,,-,,-,,#N/A,,,0,45,0
35,https://www.playerprofiler.com/wp-content/uploads/2022/08/Darnell-Mooney.png,Tulane,https://upload.wikimedia.org/wikipedia/en/thumb/2/28/Tulane_Green_Wave_logo.svg/1200px-Tulane_Green_Wave_logo.svg.png,2020,173,0.493,2.39,0.401,0.24,Darnell Mooney,0.796,63,0.049,55,0.134,57,0.299,0.181,5101,0.087,176,0.813,4.38,0.6,37,0.398,124,,-,,-,0.311,7.03,22.5,0.63,19.9,4,9.12,45,"1,2"
13,https://a.espncdn.com/combiner/i?img=/i/headshots/nfl/players/full/4035687.png,USC,https://upload.wikimedia.org/wikipedia/commons/thumb/9/94/USC_Trojans_logo.svg/686px-USC_Trojans_logo.svg.png,2020,34,0.331,2.21,0.239,0.22,Michael Pittman Jr.,0.225,43,0.62,75,0.437,65,0.299,0.931,6040,0.896,223,0.229,4.52,0.516,36.5,0.172,121,0.589,6.96,0.813,4.14,0.495,8.27,22.5,0.319,20.9,4,12.19,16,"2,4"
103,https://a.espncdn.com/combiner/i?img=/i/headshots/nfl/players/full/4037591.png&w=350&h=254,Virginia,https://upload.wikimedia.org/wikipedia/en/thumb/1/1e/Virginia_Cavaliers_logo.svg/800px-Virginia_Cavaliers_logo.svg.png,2020,151,0.021,1.56,0.127,0.2,Joe Reed,0,25,0.317,66,0.838,74,0.299,0.483,6004,0.913,224,0.438,4.47,0.684,38,0.323,123,,-,,-,0.796,9.35,22.3,0.348,20.7,4,0.09,45,1
59,https://www.playerprofiler.com/wp-content/uploads/2021/04/Quintez-cephus.png,Wisconsin,https://upload.wikimedia.org/wikipedia/commons/thumb/e/e5/Wisconsin_Badgers_logo.svg/1200px-Wisconsin_Badgers_logo.svg.png,2020,166,0.923,3.18,0.866,0.29,Quintez Cephus,0.873,68,0.859,81,0.387,64,0.438,0.586,6007,0.53,202,0,4.73,0.705,38.5,0.398,124,0.205,7.2,0.307,4.33,0.068,4.51,22,0.493,20.4,4,5.5,45,"1,2"
70,https://www.playerprofiler.com/wp-content/uploads/2018/02/nkeal-harry-stats-fantasy-rankings.png,Arizona State,https://upload.wikimedia.org/wikipedia/commons/thumb/a/a3/ASU_Athletics_Logo.svg/2560px-ASU_Athletics_Logo.svg.png,2019,32,0.627,2.57,0.732,0.27,N'Keal Harry,0.521,53,0.507,71,0.69,70,0.745,0.828,6027,0.974,228,0.177,4.53,0.705,38.5,0.258,122,,-,,-,0.573,8.44,21.3,0.884,18.7,3,4.33,3,"1,2"
37,`https://b.fssta.com/uploads/application/nfl/headshots/14996.vresize.350.350.medium.28.png,Auburn,https://upload.wikimedia.org/wikipedia/commons/thumb/1/15/Auburn_Tigers_logo.svg/2317px-Auburn_Tigers_logo.svg.png,2019,171,0.176,2,0.176,0.21,Darius Slayton,0.648,57,0,45,0.077,55,0.401,0.603,6010,0.365,190,0.74,4.39,0.895,40.5,0.935,135,0.507,7,0.76,4.15,0.699,8.91,22.2,0.348,20.7,4,8.73,45,"1,2"
113,https://a.espncdn.com/combiner/i?img=/i/headshots/recruiting/ncf/players/full/166184.png&w=350&h=254,Baylor,https://upload.wikimedia.org/wikipedia/commons/thumb/c/c4/Baylor_Athletics_logo.svg/1200px-Baylor_Athletics_logo.svg.png,2019,67,0.239,2.1,0.401,0.24,Jalen Hurd,0.465,50,0.197,62,0.092,56,0.088,0.983,6045,0.939,226,,-,,-,,-,,-,,-,0.485,8.21,23.2,0.029,22.6,5,0,34,0
33,https://www.playerprofiler.com/wp-content/uploads/2019/02/hunter-renfrow.png,Clemson,https://upload.wikimedia.org/wikipedia/commons/thumb/7/72/Clemson_Tigers_logo.svg/1200px-Clemson_Tigers_logo.svg.png,2019,149,0.028,1.66,0.176,0.21,Hunter Renfrow,0.014,27,0.754,78,0.289,61,0.073,0.19,5102,0.252,184,0.083,4.58,0.295,35,0.054,116,0.822,6.8,0.68,4.19,0,2.91,23.3,0.167,21.7,5,9.42,43,"2,3"
51,https://a.espncdn.com/combiner/i?img=/i/headshots/nfl/players/full/4035004.png,Georgia,https://upload.wikimedia.org/wikipedia/commons/thumb/8/80/Georgia_Athletics_logo.svg/1200px-Georgia_Athletics_logo.svg.png,2019,56,0.606,2.55,0.521,0.25,Mecole Hardman,0.683,58,0.317,66,0.521,67,0.861,0.19,5102,0.287,187,0.896,4.33,0.516,36.5,0.108,119,,-,,-,0.524,8.31,21.1,0.471,20.4,3,6.72,16,"1,2"
98,https://a.espncdn.com/combiner/i?img=/i/headshots/recruiting/ncf/players/full/201914.png&w=350&h=254,Georgia,https://upload.wikimedia.org/wikipedia/commons/thumb/8/80/Georgia_Athletics_logo.svg/1200px-Georgia_Athletics_logo.svg.png,2019,126,0.035,1.68,0.014,0.18,Riley Ridley,0.014,27,0.838,80,0.134,57,0.19,0.647,6012,0.47,199,0.083,4.58,0,30.5,0.398,124,0.192,7.22,0.413,4.28,0.078,4.54,22.7,0.072,22.1,4,1.2,38,"1,2"
116,https://www.playerprofiler.com/wp-content/uploads/2019/02/Hakeem-Butler-1.png,Iowa State,https://upload.wikimedia.org/wikipedia/commons/thumb/f/f9/Iowa_State_Cyclones_logo.svg/800px-Iowa_State_Cyclones_logo.svg.png,2019,103,0.739,2.78,0.401,0.24,Hakeem Butler,0.894,69,0.197,62,0.204,59,0.168,0.991,6055,0.957,227,0.375,4.48,0.421,36,0.71,128,,-,,-,0.825,9.47,22.9,0.217,21.3,4,0,10,0
78,https://a.espncdn.com/combiner/i?img=/i/headshots/nfl/players/full/3932423.png&w=350&h=254,Notre Dame,https://upload.wikimedia.org/wikipedia/commons/thumb/f/f5/Notre_Dame_Fighting_Irish_logo.svg/1200px-Notre_Dame_Fighting_Irish_logo.svg.png,2019,93,0.204,2.02,0.239,0.22,Miles Boykin,0.38,47,0.317,66,0.028,52,0.299,0.905,6036,0.861,220,0.615,4.42,1,43.5,1,140,0.836,6.77,0.933,4.07,0.981,9.94,22.5,0.848,18.9,4,3.25,27,"1,2"
24,https://a.espncdn.com/combiner/i?img=/i/headshots/recruiting/ncf/players/full/172491.png&w=350&h=254,Ohio State,https://upload.wikimedia.org/wikipedia/commons/thumb/c/c1/Ohio_State_Buckeyes_logo.svg/1200px-Ohio_State_Buckeyes_logo.svg.png,2019,76,0.134,1.93,0,0.16,Terry McLaurin,0.028,28,0.979,90,0.246,60,0.007,0.431,6001,0.696,208,0.854,4.35,0.632,37.5,0.527,125,0.493,7.01,0.787,4.15,0.864,9.56,24.5,0.007,23.8,5,10.77,31,"3,4"
55,https://www.playerprofiler.com/wp-content/uploads/2016/02/parris-campbell.png,Ohio State,https://upload.wikimedia.org/wikipedia/commons/thumb/c/c1/Ohio_State_Buckeyes_logo.svg/1200px-Ohio_State_Buckeyes_logo.svg.png,2019,59,0.972,3.47,0.972,0.34,Parris Campbell,0.873,68,0.62,75,1,89,0.438,0.397,5117,0.609,205,0.948,4.31,0.853,40,0.935,135,,-,0.96,4.03,0.913,9.76,22.1,0.993,18.1,4,6.31,11,"3,4"
27,https://static.www.nfl.com/image/private/t_headshot_desktop/league/wgxeuyqliuweurzeigyh,Oklahoma,https://upload.wikimedia.org/wikipedia/commons/thumb/6/61/Oklahoma_Sooners_logo.svg/795px-Oklahoma_Sooners_logo.svg.png,2019,25,1,3.66,0.803,0.28,Marquise Brown,0.958,73,0.901,83,0.915,80,0.511,0.121,5093,0.026,166,,-,,-,,-,,-,,-,0.515,8.3,21.8,0.217,21.3,4,10.47,17,"2,3"
4,https://cdn-headshots.theathletic.com/nfl/21042.png,Ole Miss,https://upload.wikimedia.org/wikipedia/commons/thumb/b/bf/Ole_Miss_Rebels_logo.svg/2560px-Ole_Miss_Rebels_logo.svg.png,2019,51,0.887,3.1,0.62,0.26,A.J. Brown,0.683,58,0.901,83,0.866,75,0.533,0.483,6004,0.939,226,0.333,4.49,0.516,36.5,0.118,120,,-,,-,0.612,8.59,21.8,0.507,20.2,3,15.57,9,"4,5"
9,https://a.espncdn.com/combiner/i?img=/i/headshots/nfl/players/full/4047650.png,Ole Miss,https://upload.wikimedia.org/wikipedia/commons/thumb/b/bf/Ole_Miss_Rebels_logo.svg/2560px-Ole_Miss_Rebels_logo.svg.png,2019,64,0.12,1.9,0.014,0.18,D.K. Metcalf,0.225,43,0.099,58,0.62,69,0.774,0.871,6033,0.974,228,0.896,4.33,0.895,40.5,0.914,134,0.014,7.38,0.067,4.5,0.893,9.66,21.3,0.652,19.7,3,13.24,8,"2,3"
1,https://static.www.nfl.com/image/private/t_headshot_desktop/league/ciwaktyqewczcquks4wy,South Carolina,https://upload.wikimedia.org/wikipedia/commons/thumb/9/94/South_Carolina_Gamecocks_logo.svg/1200px-South_Carolina_Gamecocks_logo.svg.png,2019,36,0.563,2.52,0.732,0.27,DeeboSamuel,0.592,56,0.134,59,0.993,86,0.088,0.31,5112,0.817,214,0.375,4.48,0.758,39,0.258,122,0.452,7.03,0.787,4.14,0.447,7.91,23.2,0.333,20.9,5,17.39,12,"3,5"
86,https://a.espncdn.com/combiner/i?img=/i/headshots/nfl/players/full/3931397.png&w=350&h=254,Stanford,https://upload.wikimedia.org/wikipedia/commons/thumb/4/4b/Stanford_Cardinal_logo.svg/304px-Stanford_Cardinal_logo.svg.png,2019,57,0.775,2.85,0.62,0.26,J.J. Arcega-Whiteside,0.648,57,0.979,90,0.056,54,0.401,0.767,6020,0.922,225,,-,,-,,-,,-,,-,0.204,6.14,22.2,0.37,20.6,4,2.33,14,"1,2"
11,https://static.www.nfl.com/image/private/t_player_profile_landscape/f_auto/league/imoqxbyoluisz2tmoral,Toledo,https://upload.wikimedia.org/wikipedia/en/thumb/f/fa/Toledo_Rockets_logo.svg/1200px-Toledo_Rockets_logo.svg.png,2019,66,0.859,3.01,0.803,0.28,Diontae Johnson,0.873,68,0.296,65,0.803,73,0.19,0.216,5104,0.226,183,0.177,4.53,0.158,33.5,0.323,123,0.329,7.09,0.107,4.45,0.029,4.18,22.8,0.348,20.8,,12.87,29,"2,3"
82,https://www.playerprofiler.com/wp-content/uploads/2014/05/andy-isabella-advanced-stats.png,UMass,https://upload.wikimedia.org/wikipedia/commons/thumb/2/23/UMass_Amherst_athletics_logo.svg/1200px-UMass_Amherst_athletics_logo.svg.png,2019,62,0.866,3.02,0.803,0.28,Andy Isabella,0.845,65,0.472,70,0.732,71,0.299,0.069,5086,0.322,188,0.969,4.31,0.516,36.5,0.172,121,0.589,6.95,0.707,4.15,0.369,7.26,22.4,0.652,19.8,4,2.68,20,"1,2"
117,https://www.playerprofiler.com/wp-content/uploads/2019/02/Gary-Jennings.png,West Virginia,https://upload.wikimedia.org/wikipedia/commons/thumb/e/e8/West_Virginia_Mountaineers_logo.svg/1200px-West_Virginia_Mountaineers_logo.svg.png,2019,120,0.528,2.45,0.62,0.26,Gary Jennings,0.43,49,0.859,81,0.246,60,,0.603,6010,,,,,,,0.667,127,,,,,0.728,9.04,,0.406,20.5,,0,45,0
7,https://www.playerprofiler.com/wp-content/uploads/2014/05/calvin-ridley-stats-fantasy-rankings.png,Alabama,https://upload.wikimedia.org/wikipedia/commons/thumb/1/1b/Alabama_Crimson_Tide_logo.svg/2048px-Alabama_Crimson_Tide_logo.svg.png,2018,26,0.739,2.78,0.803,0.28,Calvin Ridley,0.824,64,0.317,66,0.62,69,0.088,0.483,6004,0.339,189,0.573,4.43,0.032,31,0.011,110,0.712,6.88,0.16,4.41,0.097,5.12,23.3,0.37,20.7,3,14.4,13,"2,3"
23,https://www.playerprofiler.com/wp-content/uploads/2018/01/MG.png,Colorado State,https://upload.wikimedia.org/wikipedia/en/thumb/1/14/Colorado_State_Rams_logo.svg/1200px-Colorado_State_Rams_logo.svg.png,2018,81,0.923,3.18,1,0.37,Michael Gallup,0.972,77,0.183,61,0.69,70,0.438,0.56,6006,0.609,205,0.271,4.51,0.421,36,0.258,122,0.658,6.95,0.213,4.37,0.165,5.87,22.1,0.181,21.5,4,10.8,19,"2,3"
19,https://www.playerprofiler.com/wp-content/uploads/2021/04/DJ-Chark.png,LSU,https://upload.wikimedia.org/wikipedia/commons/thumb/4/4a/LSU_Athletics_logo.svg/2560px-LSU_Athletics_logo.svg.png,2018,61,0.817,2.92,0.31,0.23,D.J. Chark Jr.,0.852,66,0.754,78,0.007,45,0.679,0.828,6027,0.548,203,0.854,4.34,0.853,40,0.785,129,,-,,-,0.981,9.94,21.5,0.551,20,4,11.3,29,"2,3"
17,https://a.espncdn.com/combiner/i?img=/i/headshots/nfl/players/full/3915416.png&w=350&h=254,Maryland,https://upload.wikimedia.org/wikipedia/commons/thumb/a/a6/Maryland_Terrapins_logo.svg/1200px-Maryland_Terrapins_logo.svg.png,2018,24,0.761,2.83,0.986,0.36,D.J. Moore,0.937,71,0.07,57,0.592,68,0.905,0.414,6000,0.73,210,0.615,4.42,0.8,39.5,0.882,132,0.589,6.95,0.92,4.07,0.883,9.65,21,0.957,18.4,3,11.87,12,"5,6"
52,https://a.espncdn.com/combiner/i?img=/i/headshots/nfl/players/full/3050487.png,Memphis,https://upload.wikimedia.org/wikipedia/en/4/45/Memphis_Tigers_logo.svg,2018,61,0.972,3.47,0.986,0.36,Anthony Miller,1,84,0.275,64,0.775,72,0.015,0.293,5111,0.496,201,,-,,-,,-,,-,,-,0.777,9.27,23.5,0.138,21.9,5,6.61,20,"1,2"
104,https://a.espncdn.com/combiner/i?img=/i/headshots/nfl/players/full/3051857.png,Missouri,https://upload.wikimedia.org/wikipedia/en/thumb/2/2c/Missouri_Tigers_logo.svg/1200px-Missouri_Tigers_logo.svg.png,2018,133,0.775,2.85,0.62,0.26,J'Mon Moore,0.739,60,0.606,74,0.803,73,0.139,0.802,6025,0.678,207,0.031,4.6,0.684,38,0.118,120,0.986,6.56,0.947,4.04,0.563,8.43,22.9,0.507,20.3,5,0,39,0
54,https://sportshub.cbsistatic.com/i/sports/player/headshot/2146188.png?width=160,Oklahoma State,https://upload.wikimedia.org/wikipedia/commons/thumb/0/01/Oklahoma_State_University_system_logo.svg/1200px-Oklahoma_State_University_system_logo.svg.png,2018,60,0.986,3.48,0.732,0.27,James Washington,0.986,79,0.887,82,0.092,56,0.489,0.276,5110,0.791,213,0.177,4.54,0.221,34.5,0.118,120,0.288,7.11,0.333,4.32,0.126,5.56,22,0.964,18.4,4,6.32,18,"2,3"
79,https://static.www.nfl.com/image/private/t_player_profile_landscape/f_auto/league/thfspx6c8befeosbsj1b,Penn State,https://upload.wikimedia.org/wikipedia/en/thumb/3/3a/Penn_State_Nittany_Lions_logo.svg/1200px-Penn_State_Nittany_Lions_logo.svg.png,2018,113,0.204,2.02,0.07,0.19,DaeSean Hamilton,0.38,47,0.239,63,0.092,56,0.139,0.517,6005,0.548,203,,-,0.221,34.5,0.075,118,0.781,6.84,0.733,4.15,0.476,8.09,23.1,0.71,19.5,5,3.13,35,"1,2"
31,https://a.espncdn.com/combiner/i?img=/i/headshots/nfl/players/full/3128429.png,SMU,https://upload.wikimedia.org/wikipedia/commons/thumb/3/33/SMU_Mustang_logo.svg/1200px-SMU_Mustang_logo.svg.png,2018,40,0.331,2.21,0.62,0.26,Courtland Sutton,0.683,58,0.021,52,0.176,58,0.241,0.871,6033,0.843,218,0.156,4.54,0.347,35.5,0.398,124,0.986,6.57,0.84,4.11,0.942,9.81,22.5,0.594,19.9,4,9.9,16,"5,6"
47,https://static.www.nfl.com/image/private/t_headshot_desktop/league/zk2f2ivzdssgoaamf57u,South Florida,https://upload.wikimedia.org/wikipedia/commons/1/13/Official_USF_Bulls_Athletic_Logo.png,2018,174,0.43,2.31,0.521,0.25,Marquez Valdes-Scantling,0.563,55,0.239,63,0.204,59,0.015,0.931,6040,0.643,206,0.813,4.37,0,30.5,0.398,124,,-,,-,0.767,9.26,23.5,0.029,22.9,5,7.22,40,"3,4"
22,https://www.playerprofiler.com/wp-content/uploads/2018/01/Christian-Kirk-1.png,Texas A&M,https://upload.wikimedia.org/wikipedia/commons/thumb/e/ee/Texas_A%26M_University_logo.svg/2492px-Texas_A%26M_University_logo.svg.png,2018,47,0.415,2.3,0.803,0.28,Christian Kirk,0.683,58,0.07,57,0.176,58,0.723,0.207,5103,0.496,201,0.438,4.47,0.347,35.5,0.043,115,0.315,7.09,0.133,4.45,0.214,6.24,21.4,0.877,18.8,3,10.88,15,"4,5"
53,https://a.espncdn.com/combiner/i?img=/i/headshots/nfl/players/full/3915823.png,Texas Tech,https://upload.wikimedia.org/wikipedia/commons/thumb/4/4e/Texas_Tech_Athletics_logo.svg/1200px-Texas_Tech_Athletics_logo.svg.png,2018,103,0.88,3.09,0.62,0.26,Keke Coutee,0.796,63,0.754,78,0.873,76,0.818,0.164,5096,0.165,181,0.573,4.43,0.221,34.5,0.032,113,0.671,6.93,0.707,4.15,0.136,5.64,21.2,0.37,20.6,3,6.59,38,"1,2"
115,https://a.espncdn.com/combiner/i?img=/i/headshots/nfl/players/full/3134302.png&w=350&h=254,UCLA,https://upload.wikimedia.org/wikipedia/commons/thumb/d/d1/UCLA_Bruins_primary_logo.svg/1200px-UCLA_Bruins_primary_logo.svg.png,2018,162,0.915,3.15,0.62,0.26,Jordan Lasley,0.894,69,0.62,75,0.838,74,0.679,0.603,6010,0.548,203,,-,,-,,-,,-,,-,0.058,4.47,21.4,0.63,19.8,4,0,43,0
65,https://static.www.nfl.com/image/private/t_headshot_desktop/league/j35nhxhisutf6pz38fzs,Washington,https://upload.wikimedia.org/wikipedia/commons/thumb/1/17/Washington_Huskies_logo.svg/1200px-Washington_Huskies_logo.svg.png,2018,44,0.627,2.57,0.951,0.33,Dante Pettis,0.761,61,0.239,63,0.437,65,0.299,0.483,6004,0.261,186,,-,,-,,-,,-,,-,,-,22.3,0.29,20.9,4,5.17,24,"1,2"
file:///C:/Users/Kwabena/Downloads/yughoih.html,,,,,,,,,,,,,,,,,,,,,,,,,,,,,,,,,,,,,,,,